{"cameraMode":{"drawMode":0,"name":"Shaded","section":"Shading Mode"},"sceneLighting":true,"audioPlay":false,"sceneViewState":{"showFog":true,"showMaterialUpdate":false,"showSkybox":true,"showFlares":true,"showImageEffects":true,"showParticleSystems":true},"in2DMode":false,"pivot":{"x":0.5422846078872681,"y":0.0656096488237381,"z":-1.0824699401855469},"rotation":{"x":0.3251686692237854,"y":0.0566893108189106,"z":-0.019526593387126924,"w":0.9437534213066101},"size":1.3530328273773194,"orthographic":false}